{
  "id": "kKnv5bxip201Gg9OqIKevpPpDx62wrIo",
  "name": "App",
  "fileName": "App.js",
  "filePath": "/Users/arnav.goyal/Documents/CrypTracker/src/App.js",
  "importPath": "/",
  "expanded": false,
  "depth": 0,
  "count": 1,
  "thirdParty": false,
  "reactRouter": false,
  "reduxConnect": false,
  "children": [
    {
      "id": "lSOVfPFXidODD0mIiwKzHGjAohKv4KtZ",
      "name": "BrowserRouter",
      "fileName": "react-router-dom",
      "filePath": "/Users/arnav.goyal/Documents/CrypTracker/node_modules/react-router-dom/dist/main.js",
      "importPath": "react-router-dom",
      "expanded": false,
      "depth": 1,
      "thirdParty": true,
      "reactRouter": true,
      "reduxConnect": false,
      "count": 1,
      "props": {},
      "children": [],
      "parentList": [
        "/Users/arnav.goyal/Documents/CrypTracker/src/App.js"
      ],
      "error": ""
    },
    {
      "id": "Wh82rbFHL6u2FNgUfpW35VGWbjzG3WCV",
      "name": "Routes",
      "fileName": "react-router-dom",
      "filePath": "/Users/arnav.goyal/Documents/CrypTracker/node_modules/react-router-dom/dist/main.js",
      "importPath": "react-router-dom",
      "expanded": false,
      "depth": 1,
      "thirdParty": true,
      "reactRouter": true,
      "reduxConnect": false,
      "count": 1,
      "props": {},
      "children": [],
      "parentList": [
        "/Users/arnav.goyal/Documents/CrypTracker/src/App.js"
      ],
      "error": ""
    },
    {
      "id": "vPObcGVP1rERxqIBG39hFY4YOo3clj2R",
      "name": "Route",
      "fileName": "react-router-dom",
      "filePath": "/Users/arnav.goyal/Documents/CrypTracker/node_modules/react-router-dom/dist/main.js",
      "importPath": "react-router-dom",
      "expanded": false,
      "depth": 1,
      "thirdParty": true,
      "reactRouter": true,
      "reduxConnect": false,
      "count": 5,
      "props": {
        "path": false,
        "element": false,
        "Homepage": false,
        "News": false,
        "Popular": false,
        "Err404": false,
        "CoinPage": false
      },
      "children": [],
      "parentList": [
        "/Users/arnav.goyal/Documents/CrypTracker/src/App.js"
      ],
      "error": ""
    },
    {
      "id": "0mMdtPWk3n0jliTzbN77TIYdEcdBLkru",
      "name": "Homepage",
      "fileName": "Homepage",
      "filePath": "/Users/arnav.goyal/Documents/CrypTracker/src/Pages/Homepage.js",
      "importPath": "./Pages/Homepage",
      "expanded": false,
      "depth": 1,
      "thirdParty": false,
      "reactRouter": false,
      "reduxConnect": false,
      "count": 1,
      "props": {},
      "children": [
        {
          "id": "gJ0Tou37UWy2qQeJorISDTABGFM5vnof",
          "name": "Navbar",
          "fileName": "Navbar",
          "filePath": "/Users/arnav.goyal/Documents/CrypTracker/src/components/Navbar.js",
          "importPath": "../components/Navbar",
          "expanded": false,
          "depth": 2,
          "thirdParty": false,
          "reactRouter": false,
          "reduxConnect": false,
          "count": 1,
          "props": {},
          "children": [],
          "parentList": [
            "/Users/arnav.goyal/Documents/CrypTracker/src/Pages/Homepage.js",
            "/Users/arnav.goyal/Documents/CrypTracker/src/App.js"
          ],
          "error": ""
        },
        {
          "id": "vxOq65wkL9HXEhxO5Ue0YcTfwz1i8lXl",
          "name": "ParticleBackground",
          "fileName": "ParticleBackground",
          "filePath": "/Users/arnav.goyal/Documents/CrypTracker/src/components/ParticleBackground.js",
          "importPath": "../components/ParticleBackground",
          "expanded": false,
          "depth": 2,
          "thirdParty": false,
          "reactRouter": false,
          "reduxConnect": false,
          "count": 1,
          "props": {},
          "children": [
            {
              "id": "wZPx6hqUCoTJL9b7RJBTnjVAVXxB57Bw",
              "name": "Particles",
              "fileName": "react-tsparticles",
              "filePath": "/Users/arnav.goyal/Documents/CrypTracker/node_modules/react-tsparticles/cjs/index.js",
              "importPath": "react-tsparticles",
              "expanded": false,
              "depth": 3,
              "thirdParty": true,
              "reactRouter": false,
              "reduxConnect": false,
              "count": 1,
              "props": {
                "id": false,
                "init": false,
                "options": false
              },
              "children": [],
              "parentList": [
                "/Users/arnav.goyal/Documents/CrypTracker/src/components/ParticleBackground.js",
                "/Users/arnav.goyal/Documents/CrypTracker/src/Pages/Homepage.js",
                "/Users/arnav.goyal/Documents/CrypTracker/src/App.js"
              ],
              "error": ""
            }
          ],
          "parentList": [
            "/Users/arnav.goyal/Documents/CrypTracker/src/Pages/Homepage.js",
            "/Users/arnav.goyal/Documents/CrypTracker/src/App.js"
          ],
          "error": ""
        }
      ],
      "parentList": [
        "/Users/arnav.goyal/Documents/CrypTracker/src/App.js"
      ],
      "error": ""
    },
    {
      "id": "4unSF4qYBPyZwAbNbJPc1he1RohCH6ol",
      "name": "News",
      "fileName": "News",
      "filePath": "/Users/arnav.goyal/Documents/CrypTracker/src/Pages/News.js",
      "importPath": "./Pages/News",
      "expanded": false,
      "depth": 1,
      "thirdParty": false,
      "reactRouter": false,
      "reduxConnect": false,
      "count": 1,
      "props": {},
      "children": [
        {
          "id": "QfgkSxdjc9YnWdVtod6uYAi3rs3Ctpb9",
          "name": "NewsCard",
          "fileName": "NewsCard",
          "filePath": "/Users/arnav.goyal/Documents/CrypTracker/src/components/NewsCard.js",
          "importPath": "../components/NewsCard",
          "expanded": false,
          "depth": 2,
          "thirdParty": false,
          "reactRouter": false,
          "reduxConnect": false,
          "count": 1,
          "props": {
            "title": false,
            "url": false,
            "img": false
          },
          "children": [],
          "parentList": [
            "/Users/arnav.goyal/Documents/CrypTracker/src/Pages/News.js",
            "/Users/arnav.goyal/Documents/CrypTracker/src/App.js"
          ],
          "error": ""
        },
        {
          "id": "8KjIdiYvZJzY4ytIqpVqsUPqfxQqTBbW",
          "name": "Navbar",
          "fileName": "Navbar",
          "filePath": "/Users/arnav.goyal/Documents/CrypTracker/src/components/Navbar.js",
          "importPath": "../components/Navbar",
          "expanded": false,
          "depth": 2,
          "thirdParty": false,
          "reactRouter": false,
          "reduxConnect": false,
          "count": 1,
          "props": {},
          "children": [],
          "parentList": [
            "/Users/arnav.goyal/Documents/CrypTracker/src/Pages/News.js",
            "/Users/arnav.goyal/Documents/CrypTracker/src/App.js"
          ],
          "error": ""
        }
      ],
      "parentList": [
        "/Users/arnav.goyal/Documents/CrypTracker/src/App.js"
      ],
      "error": ""
    },
    {
      "id": "vSD61TYVj2Qvm37T8WwlJZZaigcuUcE7",
      "name": "Popular",
      "fileName": "Popular",
      "filePath": "/Users/arnav.goyal/Documents/CrypTracker/src/Pages/Popular.js",
      "importPath": "./Pages/Popular",
      "expanded": false,
      "depth": 1,
      "thirdParty": false,
      "reactRouter": false,
      "reduxConnect": false,
      "count": 1,
      "props": {},
      "children": [
        {
          "id": "ZhpccpRrYJb87nzPsNMW9Xti7pXQ4KxC",
          "name": "CoinCard",
          "fileName": "CoinCard",
          "filePath": "/Users/arnav.goyal/Documents/CrypTracker/src/components/CoinCard.js",
          "importPath": "../components/CoinCard",
          "expanded": false,
          "depth": 2,
          "thirdParty": false,
          "reactRouter": false,
          "reduxConnect": false,
          "count": 1,
          "props": {
            "img": false,
            "price": false,
            "title": false,
            "change": false,
            "profit": false,
            "id": false,
            "coinName": false,
            "coinDetails": false,
            "coinSymbol": false,
            "priceDetails": false,
            "coinCreator": false
          },
          "children": [],
          "parentList": [
            "/Users/arnav.goyal/Documents/CrypTracker/src/Pages/Popular.js",
            "/Users/arnav.goyal/Documents/CrypTracker/src/App.js"
          ],
          "error": ""
        },
        {
          "id": "KeG30AjJpHIC8SpsE8mqwGjmyxo9bARC",
          "name": "Navbar",
          "fileName": "Navbar",
          "filePath": "/Users/arnav.goyal/Documents/CrypTracker/src/components/Navbar.js",
          "importPath": "../components/Navbar",
          "expanded": false,
          "depth": 2,
          "thirdParty": false,
          "reactRouter": false,
          "reduxConnect": false,
          "count": 1,
          "props": {},
          "children": [],
          "parentList": [
            "/Users/arnav.goyal/Documents/CrypTracker/src/Pages/Popular.js",
            "/Users/arnav.goyal/Documents/CrypTracker/src/App.js"
          ],
          "error": ""
        }
      ],
      "parentList": [
        "/Users/arnav.goyal/Documents/CrypTracker/src/App.js"
      ],
      "error": ""
    },
    {
      "id": "g19BcSLZVAPp3F0vPHipxzro15Gtkk0t",
      "name": "Err404",
      "fileName": "Err404",
      "filePath": "/Users/arnav.goyal/Documents/CrypTracker/src/Pages/Err404.js",
      "importPath": "./Pages/Err404",
      "expanded": false,
      "depth": 1,
      "thirdParty": false,
      "reactRouter": false,
      "reduxConnect": false,
      "count": 1,
      "props": {},
      "children": [],
      "parentList": [
        "/Users/arnav.goyal/Documents/CrypTracker/src/App.js"
      ],
      "error": ""
    },
    {
      "id": "lfMf1FRIuQ7p2eug0YTUhs5Qxf08cqpm",
      "name": "CoinPage",
      "fileName": "CoinPage",
      "filePath": "/Users/arnav.goyal/Documents/CrypTracker/src/Pages/CoinPage.js",
      "importPath": "./Pages/CoinPage",
      "expanded": false,
      "depth": 1,
      "thirdParty": false,
      "reactRouter": false,
      "reduxConnect": false,
      "count": 1,
      "props": {},
      "children": [
        {
          "id": "L0GHuOVSoqW2eNbg86QOP5i2FVZCysM5",
          "name": "Navbar",
          "fileName": "Navbar",
          "filePath": "/Users/arnav.goyal/Documents/CrypTracker/src/components/Navbar.js",
          "importPath": "../components/Navbar",
          "expanded": false,
          "depth": 2,
          "thirdParty": false,
          "reactRouter": false,
          "reduxConnect": false,
          "count": 1,
          "props": {},
          "children": [],
          "parentList": [
            "/Users/arnav.goyal/Documents/CrypTracker/src/Pages/CoinPage.js",
            "/Users/arnav.goyal/Documents/CrypTracker/src/App.js"
          ],
          "error": ""
        },
        {
          "id": "ViFHqoS1X0cEf455uJRfh8knUqbyJjku",
          "name": "InfoCard",
          "fileName": "InfoCard",
          "filePath": "/Users/arnav.goyal/Documents/CrypTracker/src/components/InfoCard.js",
          "importPath": "../components/InfoCard",
          "expanded": false,
          "depth": 2,
          "thirdParty": false,
          "reactRouter": false,
          "reduxConnect": false,
          "count": 1,
          "props": {
            "name": false,
            "description": false,
            "img": false,
            "rank": false,
            "price": false,
            "cap": false
          },
          "children": [],
          "parentList": [
            "/Users/arnav.goyal/Documents/CrypTracker/src/Pages/CoinPage.js",
            "/Users/arnav.goyal/Documents/CrypTracker/src/App.js"
          ],
          "error": ""
        },
        {
          "id": "3OjqhPf9lD6AIu4KJMxrPn0Xj2HLeR8k",
          "name": "CoinInfo",
          "fileName": "CoinInfo",
          "filePath": "/Users/arnav.goyal/Documents/CrypTracker/src/components/CoinInfo.js",
          "importPath": "../components/CoinInfo",
          "expanded": false,
          "depth": 2,
          "thirdParty": false,
          "reactRouter": false,
          "reduxConnect": false,
          "count": 1,
          "props": {
            "coin": false
          },
          "children": [
            {
              "id": "Ir4sd3KbSe98AD9P7R6yL1QnlcW3aOKe",
              "name": "Line",
              "fileName": "react-chartjs-2",
              "filePath": "/Users/arnav.goyal/Documents/CrypTracker/node_modules/react-chartjs-2/dist/index.cjs",
              "importPath": "react-chartjs-2",
              "expanded": false,
              "depth": 3,
              "thirdParty": true,
              "reactRouter": false,
              "reduxConnect": false,
              "count": 1,
              "props": {
                "data": false,
                "options": false
              },
              "children": [],
              "parentList": [
                "/Users/arnav.goyal/Documents/CrypTracker/src/components/CoinInfo.js",
                "/Users/arnav.goyal/Documents/CrypTracker/src/Pages/CoinPage.js",
                "/Users/arnav.goyal/Documents/CrypTracker/src/App.js"
              ],
              "error": ""
            }
          ],
          "parentList": [
            "/Users/arnav.goyal/Documents/CrypTracker/src/Pages/CoinPage.js",
            "/Users/arnav.goyal/Documents/CrypTracker/src/App.js"
          ],
          "error": ""
        }
      ],
      "parentList": [
        "/Users/arnav.goyal/Documents/CrypTracker/src/App.js"
      ],
      "error": ""
    }
  ],
  "parentList": [],
  "props": {},
  "error": ""
}