{
    "type": "Module",
    "span": {
      "start": 0,
      "end": 115
    },
    "body": [
      {
        "type": "ImportDeclaration",
        "span": {
          "start": 0,
          "end": 25
        },
        "specifiers": [
          {
            "type": "ImportDefaultSpecifier",
            "span": {
              "start": 7,
              "end": 12
            },
            "local": {
              "type": "Identifier",
              "span": {
                "start": 7,
                "end": 12
              },
              "ctxt": 2,
              "value": "React",
              "optional": false
            }
          }
        ],
        "source": {
          "type": "StringLiteral",
          "span": {
            "start": 18,
            "end": 25
          },
          "value": "react",
          "raw": "'react'"
        },
        "typeOnly": false,
        "with": null,
        "phase": "evaluation"
      },
      {
        "type": "VariableDeclaration",
        "span": {
          "start": 27,
          "end": 115
        },
        "ctxt": 0,
        "kind": "const",
        "declare": false,
        "declarations": [
          {
            "type": "VariableDeclarator",
            "span": {
              "start": 33,
              "end": 115
            },
            "id": {
              "type": "Identifier",
              "span": {
                "start": 33,
                "end": 41
              },
              "ctxt": 2,
              "value": "NewsCard",
              "optional": false,
              "typeAnnotation": null
            },
            "init": {
              "type": "ArrowFunctionExpression",
              "span": {
                "start": 44,
                "end": 115
              },
              "ctxt": 0,
              "params": [
                {
                  "type": "ObjectPattern",
                  "span": {
                    "start": 45,
                    "end": 108
                  },
                  "properties": [
                    {
                      "type": "KeyValuePatternProperty",
                      "key": {
                        "type": "Identifier",
                        "span": {
                          "start": 49,
                          "end": 54
                        },
                        "value": "title"
                      },
                      "value": {
                        "type": "Identifier",
                        "span": {
                          "start": 56,
                          "end": 68
                        },
                        "ctxt": 3,
                        "value": "renamedTitle",
                        "optional": false,
                        "typeAnnotation": null
                      }
                    },
                    {
                      "type": "KeyValuePatternProperty",
                      "key": {
                        "type": "Identifier",
                        "span": {
                          "start": 72,
                          "end": 75
                        },
                        "value": "url"
                      },
                      "value": {
                        "type": "Identifier",
                        "span": {
                          "start": 77,
                          "end": 87
                        },
                        "ctxt": 3,
                        "value": "renamedUrl",
                        "optional": false,
                        "typeAnnotation": null
                      }
                    },
                    {
                      "type": "KeyValuePatternProperty",
                      "key": {
                        "type": "Identifier",
                        "span": {
                          "start": 91,
                          "end": 94
                        },
                        "value": "img"
                      },
                      "value": {
                        "type": "Identifier",
                        "span": {
                          "start": 96,
                          "end": 106
                        },
                        "ctxt": 3,
                        "value": "renamedImg",
                        "optional": false,
                        "typeAnnotation": null
                      }
                    }
                  ],
                  "optional": false,
                  "typeAnnotation": null
                }
              ],
              "body": {
                "type": "BlockStatement",
                "span": {
                  "start": 113,
                  "end": 115
                },
                "ctxt": 3,
                "stmts": []
              },
              "async": false,
              "generator": false,
              "typeParameters": null,
              "returnType": null
            },
            "definite": false
          }
        ]
      }
    ],
    "interpreter": null
  }