[
  {
    "componentName": "NewsCard",
    "componentFilePath": "/Users/arnav.goyal/Documents/CrypTracker/src/components/NewsCard.js",
    "usedProps": [
      "title",
      "url",
      "img"
    ],
    "unusedProps": []
  },
  {
    "componentName": "InfoCard",
    "componentFilePath": "/Users/arnav.goyal/Documents/CrypTracker/src/components/InfoCard.js",
    "usedProps": [
      "img",
      "name",
      "description",
      "rank",
      "price",
      "cap"
    ],
    "unusedProps": []
  },
  {
    "componentName": "CoinCard",
    "componentFilePath": "/Users/arnav.goyal/Documents/CrypTracker/src/components/CoinCard.js",
    "usedProps": [
      "coinName",
      "coinDetails",
      "coinSymbol",
      "priceDetails",
      "coinCreator",
      "id",
      "img",
      "title",
      "price",
      "profit",
      "change"
    ],
    "unusedProps": []
  },
  {
    "componentName": "CoinInfo",
    "componentFilePath": "/Users/arnav.goyal/Documents/CrypTracker/src/components/CoinInfo.js",
    "usedProps": [
      "coin"
    ],
    "unusedProps": []
  }
]